Exchange,Symbol
Binance,0GUSDT
Binance,1000000BOBUSDT
Binance,1000000MOGUSDT
Binance,1000BONKUSDC
Binance,1000BONKUSDT
Binance,1000CATUSDT
Binance,1000CHEEMSUSDT
Binance,1000FLOKIUSDT
Binance,1000LUNCUSDT
Binance,1000PEPEUSDC
Binance,1000PEPEUSDT
Binance,1000RATSUSDT
Binance,1000SATSUSDT
Binance,1000SHIBUSDC
Binance,1000SHIBUSDT
Binance,1000WHYUSDT
Binance,1000XECUSDT
Binance,1INCHUSDT
Binance,1MBABYDOGEUSDT
Binance,2ZUSDT
Binance,4USDT
Binance,A2ZUSDT
Binance,AAVEUSDC
Binance,AAVEUSDT
Binance,ACEUSDT
Binance,ACHUSDT
Binance,ACTUSDT
Binance,ACUUSDT
Binance,ACXUSDT
Binance,ADAUSDC
Binance,ADAUSDT
Binance,AERGOUSDT
Binance,AEROUSDT
Binance,AEVOUSDT
Binance,AGLDUSDT
Binance,AGTUSDT
Binance,AIAUSDT
Binance,AINUSDT
Binance,AIOTUSDT
Binance,AIOUSDT
Binance,AIUSDT
Binance,AIXBTUSDT
Binance,AKEUSDT
Binance,AKTUSDT
Binance,ALCHUSDT
Binance,ALGOUSDT
Binance,ALICEUSDT
Binance,ALLOUSDT
Binance,ALLUSDT
Binance,ALPINEUSDT
Binance,ALTUSDT
Binance,ANIMEUSDT
Binance,ANKRUSDT
Binance,APEUSDT
Binance,API3USDT
Binance,APRUSDT
Binance,APTUSDT
Binance,ARBUSDC
Binance,ARBUSDT
Binance,ARCUSDT
Binance,ARIAUSDT
Binance,ARKMUSDT
Binance,ARKUSDT
Binance,ARPAUSDT
Binance,ARUSDT
Binance,ASRUSDT
Binance,ASTERUSDT
Binance,ASTRUSDT
Binance,ATAUSDT
Binance,ATHUSDT
Binance,ATOMUSDT
Binance,ATUSDT
Binance,AUCTIONUSDT
Binance,AUSDT
Binance,AVAAIUSDT
Binance,AVAUSDT
Binance,AVAXUSDC
Binance,AVAXUSDT
Binance,AVNTUSDT
Binance,AWEUSDT
Binance,AXLUSDT
Binance,AXSUSDT
Binance,B2USDT
Binance,B3USDT
Binance,BABYUSDT
Binance,BANANAS31USDT
Binance,BANANAUSDT
Binance,BANDUSDT
Binance,BANKUSDT
Binance,BANUSDT
Binance,BARDUSDT
Binance,BASUSDT
Binance,BATUSDT
Binance,BBUSDT
Binance,BCHUSDC
Binance,BCHUSDT
Binance,BDXNUSDT
Binance,BEAMXUSDT
Binance,BEATUSDT
Binance,BELUSDT
Binance,BERAUSDT
Binance,BICOUSDT
Binance,BIGTIMEUSDT
Binance,BIOUSDC
Binance,BIOUSDT
Binance,BIRBUSDT
Binance,BLESSUSDT
Binance,BLUAIUSDT
Binance,BLURUSDT
Binance,BMTUSDT
Binance,BNBUSDC
Binance,BNBUSDT
Binance,BNTUSDT
Binance,BOBUSDT
Binance,BOMEUSDC
Binance,BOMEUSDT
Binance,BRETTUSDT
Binance,BREVUSDT
Binance,BROCCOLI714USDT
Binance,BROCCOLIF3BUSDT
Binance,BRUSDT
Binance,BSVUSDT
Binance,BTCDOMUSDT
Binance,BTCUSDC
Binance,BTCUSDT
Binance,BTRUSDT
Binance,BULLAUSDT
Binance,BUSDT
Binance,C98USDT
Binance,CAKEUSDT
Binance,CARVUSDT
Binance,CATIUSDT
Binance,CCUSDT
Binance,CELOUSDT
Binance,CELRUSDT
Binance,CETUSUSDT
Binance,CFXUSDT
Binance,CGPTUSDT
Binance,CHILLGUYUSDT
Binance,CHRUSDT
Binance,CHZUSDT
Binance,CKBUSDT
Binance,CLANKERUSDT
Binance,CLOUSDT
Binance,COAIUSDT
Binance,COLLECTUSDT
Binance,COMPUSDT
Binance,COOKIEUSDT
Binance,COSUSDT
Binance,COTIUSDT
Binance,COWUSDT
Binance,CROSSUSDT
Binance,CRVUSDC
Binance,CRVUSDT
Binance,CTKUSDT
Binance,CTSIUSDT
Binance,CUSDT
Binance,CVCUSDT
Binance,CVXUSDT
Binance,CYBERUSDT
Binance,CYSUSDT
Binance,DAMUSDT
Binance,DASHUSDT
Binance,DEEPUSDT
Binance,DEGENUSDT
Binance,DEGOUSDT
Binance,DENTUSDT
Binance,DEXEUSDT
Binance,DIAUSDT
Binance,DODOXUSDT
Binance,DOGEUSDC
Binance,DOGEUSDT
Binance,DOGSUSDT
Binance,DOLOUSDT
Binance,DOODUSDT
Binance,DOTUSDT
Binance,DRIFTUSDT
Binance,DUSDT
Binance,DUSKUSDT
Binance,DYDXUSDT
Binance,DYMUSDT
Binance,EDENUSDT
Binance,EDUUSDT
Binance,EGLDUSDT
Binance,EIGENUSDT
Binance,ELSAUSDT
Binance,ENAUSDC
Binance,ENAUSDT
Binance,ENJUSDT
Binance,ENSOUSDT
Binance,ENSUSDT
Binance,EPICUSDT
Binance,ERAUSDT
Binance,ESPORTSUSDT
Binance,ETCUSDT
Binance,ETHBTC
Binance,ETHFIUSDC
Binance,ETHFIUSDT
Binance,ETHUSDC
Binance,ETHUSDT
Binance,ETHWUSDT
Binance,EULUSDT
Binance,EVAAUSDT
Binance,FARTCOINUSDT
Binance,FETUSDT
Binance,FFUSDT
Binance,FHEUSDT
Binance,FIDAUSDT
Binance,FIGHTUSDT
Binance,FILUSDC
Binance,FILUSDT
Binance,FIOUSDT
Binance,FLOCKUSDT
Binance,FLOWUSDT
Binance,FLUIDUSDT
Binance,FLUXUSDT
Binance,FOGOUSDT
Binance,FOLKSUSDT
Binance,FORMUSDT
Binance,FORTHUSDT
Binance,FRAXUSDT
Binance,FUNUSDT
Binance,FUSDT
Binance,GALAUSDT
Binance,GASUSDT
Binance,GIGGLEUSDT
Binance,GLMUSDT
Binance,GMTUSDT
Binance,GMXUSDT
Binance,GOATUSDT
Binance,GPSUSDT
Binance,GRASSUSDT
Binance,GRIFFAINUSDT
Binance,GRTUSDT
Binance,GTCUSDT
Binance,GUAUSDT
Binance,GUNUSDT
Binance,GUSDT
Binance,GWEIUSDT
Binance,HAEDALUSDT
Binance,HANAUSDT
Binance,HBARUSDC
Binance,HBARUSDT
Binance,HEIUSDT
Binance,HEMIUSDT
Binance,HFTUSDT
Binance,HIGHUSDT
Binance,HIPPOUSDT
Binance,HIVEUSDT
Binance,HMSTRUSDT
Binance,HOLOUSDT
Binance,HOMEUSDT
Binance,HOOKUSDT
Binance,HOTUSDT
Binance,HUMAUSDT
Binance,HUSDT
Binance,HYPERUSDT
Binance,HYPEUSDT
Binance,ICNTUSDT
Binance,ICPUSDT
Binance,ICXUSDT
Binance,IDOLUSDT
Binance,IDUSDT
Binance,ILVUSDT
Binance,IMXUSDT
Binance,INITUSDT
Binance,INJUSDT
Binance,INUSDT
Binance,INXUSDT
Binance,IOSTUSDT
Binance,IOTAUSDT
Binance,IOTXUSDT
Binance,IOUSDT
Binance,IPUSDC
Binance,IPUSDT
Binance,IRUSDT
Binance,IRYSUSDT
Binance,JASMYUSDT
Binance,JCTUSDT
Binance,JELLYJELLYUSDT
Binance,JOEUSDT
Binance,JSTUSDT
Binance,JTOUSDT
Binance,JUPUSDT
Binance,KAIAUSDT
Binance,KAITOUSDC
Binance,KAITOUSDT
Binance,KASUSDT
Binance,KAVAUSDT
Binance,KERNELUSDT
Binance,KGENUSDT
Binance,KITEUSDT
Binance,KMNOUSDT
Binance,KNCUSDT
Binance,KOMAUSDT
Binance,KSMUSDT
Binance,LABUSDT
Binance,LAUSDT
Binance,LAYERUSDT
Binance,LDOUSDT
Binance,LIGHTUSDT
Binance,LINEAUSDT
Binance,LINKUSDC
Binance,LINKUSDT
Binance,LISTAUSDT
Binance,LITUSDT
Binance,LPTUSDT
Binance,LQTYUSDT
Binance,LRCUSDT
Binance,LSKUSDT
Binance,LTCUSDC
Binance,LTCUSDT
Binance,LUMIAUSDT
Binance,LUNA2USDT
Binance,LYNUSDT
Binance,MAGICUSDT
Binance,MAGMAUSDT
Binance,MANAUSDT
Binance,MANTAUSDT
Binance,MASKUSDT
Binance,MAVIAUSDT
Binance,MAVUSDT
Binance,MBOXUSDT
Binance,MEGAUSDT
Binance,MELANIAUSDT
Binance,MEMEUSDT
Binance,MERLUSDT
Binance,METISUSDT
Binance,METUSDT
Binance,MEUSDT
Binance,MEWUSDT
Binance,MINAUSDT
Binance,MIRAUSDT
Binance,MITOUSDT
Binance,MLNUSDT
Binance,MMTUSDT
Binance,MOCAUSDT
Binance,MONUSDT
Binance,MOODENGUSDT
Binance,MORPHOUSDT
Binance,MOVEUSDT
Binance,MOVRUSDT
Binance,MTLUSDT
Binance,MUBARAKUSDT
Binance,MUSDT
Binance,MYXUSDT
Binance,NAORISUSDT
Binance,NEARUSDC
Binance,NEARUSDT
Binance,NEIROUSDT
Binance,NEOUSDC
Binance,NEOUSDT
Binance,NEWTUSDT
Binance,NFPUSDT
Binance,NIGHTUSDT
Binance,NILUSDT
Binance,NMRUSDT
Binance,NOMUSDT
Binance,NOTUSDT
Binance,NTRNUSDT
Binance,NXPCUSDT
Binance,OGNUSDT
Binance,OGUSDT
Binance,OLUSDT
Binance,OMUSDT
Binance,ONDOUSDT
Binance,ONEUSDT
Binance,ONGUSDT
Binance,ONTUSDT
Binance,ONUSDT
Binance,OPENUSDT
Binance,OPUSDT
Binance,ORCAUSDT
Binance,ORDERUSDT
Binance,ORDIUSDC
Binance,ORDIUSDT
Binance,OXTUSDT
Binance,PARTIUSDT
Binance,PAXGUSDT
Binance,PENDLEUSDT
Binance,PENGUUSDC
Binance,PENGUUSDT
Binance,PEOPLEUSDT
Binance,PHAUSDT
Binance,PHBUSDT
Binance,PIEVERSEUSDT
Binance,PIPPINUSDT
Binance,PIXELUSDT
Binance,PLAYUSDT
Binance,PLUMEUSDT
Binance,PNUTUSDC
Binance,PNUTUSDT
Binance,POLUSDT
Binance,POLYXUSDT
Binance,POPCATUSDT
Binance,PORTALUSDT
Binance,POWERUSDT
Binance,POWRUSDT
Binance,PROMPTUSDT
Binance,PROMUSDT
Binance,PROVEUSDT
Binance,PTBUSDT
Binance,PUFFERUSDT
Binance,PUMPBTCUSDT
Binance,PUMPUSDT
Binance,PUNDIXUSDT
Binance,PYTHUSDT
Binance,QNTUSDT
Binance,QTUMUSDT
Binance,QUSDT
Binance,RAREUSDT
Binance,RAVEUSDT
Binance,RAYSOLUSDT
Binance,RDNTUSDT
Binance,RECALLUSDT
Binance,REDUSDT
Binance,RENDERUSDT
Binance,RESOLVUSDT
Binance,REZUSDT
Binance,RIFUSDT
Binance,RIVERUSDT
Binance,RLCUSDT
Binance,RLSUSDT
Binance,RONINUSDT
Binance,ROSEUSDT
Binance,RPLUSDT
Binance,RSRUSDT
Binance,RUNEUSDT
Binance,RVNUSDT
Binance,RVVUSDT
Binance,SAFEUSDT
Binance,SAGAUSDT
Binance,SAHARAUSDT
Binance,SANDUSDT
Binance,SANTOSUSDT
Binance,SAPIENUSDT
Binance,SCRTUSDT
Binance,SCRUSDT
Binance,SEIUSDT
Binance,SENTUSDT
Binance,SFPUSDT
Binance,SHELLUSDT
Binance,SIGNUSDT
Binance,SIRENUSDT
Binance,SKLUSDT
Binance,SKRUSDT
Binance,SKYAIUSDT
Binance,SKYUSDT
Binance,SLPUSDT
Binance,SNXUSDT
Binance,SOLUSDC
Binance,SOLUSDT
Binance,SOLVUSDT
Binance,SOMIUSDT
Binance,SONICUSDT
Binance,SOONUSDT
Binance,SOPHUSDT
Binance,SPACEUSDT
Binance,SPELLUSDT
Binance,SPKUSDT
Binance,SPORTFUNUSDT
Binance,SPXUSDT
Binance,SQDUSDT
Binance,SSVUSDT
Binance,STABLEUSDT
Binance,STBLUSDT
Binance,STEEMUSDT
Binance,STGUSDT
Binance,STORJUSDT
Binance,STOUSDT
Binance,STRKUSDT
Binance,STXUSDT
Binance,SUIUSDC
Binance,SUIUSDT
Binance,SUNUSDT
Binance,SUPERUSDT
Binance,SUSDT
Binance,SUSHIUSDT
Binance,SWARMSUSDT
Binance,SXTUSDT
Binance,SYNUSDT
Binance,SYRUPUSDT
Binance,SYSUSDT
Binance,TACUSDT
Binance,TAGUSDT
Binance,TAIKOUSDT
Binance,TAKEUSDT
Binance,TAOUSDT
Binance,TAUSDT
Binance,THETAUSDT
Binance,THEUSDT
Binance,TIAUSDC
Binance,TIAUSDT
Binance,TLMUSDT
Binance,TNSRUSDT
Binance,TONUSDT
Binance,TOSHIUSDT
Binance,TOWNSUSDT
Binance,TRADOORUSDT
Binance,TRBUSDT
Binance,TREEUSDT
Binance,TRIAUSDT
Binance,TRUMPUSDC
Binance,TRUMPUSDT
Binance,TRUSTUSDT
Binance,TRUTHUSDT
Binance,TRUUSDT
Binance,TRXUSDT
Binance,TSTUSDT
Binance,TURBOUSDT
Binance,TURTLEUSDT
Binance,TUSDT
Binance,TUTUSDT
Binance,TWTUSDT
Binance,UAIUSDT
Binance,UBUSDT
Binance,UMAUSDT
Binance,UNIUSDC
Binance,UNIUSDT
Binance,USDCUSDT
Binance,USELESSUSDT
Binance,USTCUSDT
Binance,USUALUSDT
Binance,USUSDT
Binance,VANAUSDT
Binance,VANRYUSDT
Binance,VELODROMEUSDT
Binance,VELVETUSDT
Binance,VETUSDT
Binance,VFYUSDT
Binance,VICUSDT
Binance,VINEUSDT
Binance,VIRTUALUSDT
Binance,VTHOUSDT
Binance,VVVUSDT
Binance,WALUSDT
Binance,WAXPUSDT
Binance,WCTUSDT
Binance,WETUSDT
Binance,WIFUSDC
Binance,WIFUSDT
Binance,WLDUSDC
Binance,WLDUSDT
Binance,WLFIUSDC
Binance,WLFIUSDT
Binance,WOOUSDT
Binance,WUSDT
Binance,XAIUSDT
Binance,XANUSDT
Binance,XLMUSDT
Binance,XMRUSDT
Binance,XNYUSDT
Binance,XPINUSDT
Binance,XPLUSDT
Binance,XRPUSDC
Binance,XRPUSDT
Binance,XTZUSDT
Binance,XVGUSDT
Binance,XVSUSDT
Binance,YALAUSDT
Binance,YBUSDT
Binance,YFIUSDT
Binance,YGGUSDT
Binance,ZAMAUSDT
Binance,ZBTUSDT
Binance,ZECUSDC
Binance,ZECUSDT
Binance,ZENUSDT
Binance,ZEREBROUSDT
Binance,ZETAUSDT
Binance,ZILUSDT
Binance,ZKCUSDT
Binance,ZKJUSDT
Binance,ZKPUSDT
Binance,ZKUSDT
Binance,ZORAUSDT
Binance,ZROUSDT
Binance,ZRXUSDT
Binance,币安人生USDT
Binance,我踏马来了USDT
Bybit,0GUSDT
Bybit,1000000BABYDOGEUSDT
Bybit,1000000CHEEMSUSDT
Bybit,1000000MOGUSDT
Bybit,10000QUBICUSDT
Bybit,10000SATSUSDT
Bybit,1000BONKUSDT
Bybit,1000BTTUSDT
Bybit,1000CATUSDT
Bybit,1000FLOKIUSDT
Bybit,1000LUNCUSDT
Bybit,1000NEIROCTOUSDT
Bybit,1000PEPEUSDT
Bybit,1000RATSUSDT
Bybit,1000TAGUSDT
Bybit,1000TOSHIUSDT
Bybit,1000TURBOUSDT
Bybit,1000XECUSDT
Bybit,1000XUSDT
Bybit,1INCHUSDT
Bybit,2ZUSDT
Bybit,4USDT
Bybit,A2ZUSDT
Bybit,AAVEUSDT
Bybit,ACEUSDT
Bybit,ACHUSDT
Bybit,ACTUSDT
Bybit,ACUUSDT
Bybit,ACXUSDT
Bybit,ADAUSDT
Bybit,AERGOUSDT
Bybit,AEROUSDT
Bybit,AEVOUSDT
Bybit,AGIUSDT
Bybit,AGLDUSDT
Bybit,AINUSDT
Bybit,AIOUSDT
Bybit,AIOZUSDT
Bybit,AIXBTUSDT
Bybit,AKEUSDT
Bybit,AKTUSDT
Bybit,ALCHUSDT
Bybit,ALGOUSDT
Bybit,ALICEUSDT
Bybit,ALLOUSDT
Bybit,ALPINEUSDT
Bybit,ALTUSDT
Bybit,ALUUSDT
Bybit,ANIMEUSDT
Bybit,ANKRUSDT
Bybit,APEUSDT
Bybit,APEXUSDT
Bybit,API3USDT
Bybit,APRUSDT
Bybit,APTUSDT
Bybit,ARBUSDT
Bybit,ARCUSDT
Bybit,ARIAUSDT
Bybit,ARKMUSDT
Bybit,ARKUSDT
Bybit,ARPAUSDT
Bybit,ARUSDT
Bybit,ASPUSDT
Bybit,ASRUSDT
Bybit,ASTERUSDT
Bybit,ASTRUSDT
Bybit,ATHUSDT
Bybit,ATOMUSDT
Bybit,ATUSDT
Bybit,AUCTIONUSDT
Bybit,AUSDT
Bybit,AVAAIUSDT
Bybit,AVAUSDT
Bybit,AVAXUSDT
Bybit,AVLUSDT
Bybit,AVNTUSDT
Bybit,AWEUSDT
Bybit,AXLUSDT
Bybit,AXSUSDT
Bybit,B2USDT
Bybit,B3USDT
Bybit,BABYUSDT
Bybit,BANANAS31USDT
Bybit,BANANAUSDT
Bybit,BANDUSDT
Bybit,BANKUSDT
Bybit,BANUSDT
Bybit,BARDUSDT
Bybit,BATUSDT
Bybit,BBUSDT
Bybit,BCHUSDT
Bybit,BEAMUSDT
Bybit,BEATUSDT
Bybit,BELUSDT
Bybit,BERAUSDT
Bybit,BICOUSDT
Bybit,BIGTIMEUSDT
Bybit,BIOUSDT
Bybit,BIRBUSDT
Bybit,BLASTUSDT
Bybit,BLESSUSDT
Bybit,BLUAIUSDT
Bybit,BLURUSDT
Bybit,BMTUSDT
Bybit,BNBUSDT
Bybit,BNTUSDT
Bybit,BOBAUSDT
Bybit,BOBBOBUSDT
Bybit,BOMEUSDT
Bybit,BRETTUSDT
Bybit,BREVUSDT
Bybit,BROCCOLIUSDT
Bybit,BRUSDT
Bybit,BSUUSDT
Bybit,BSVUSDT
Bybit,BTCUSDT
Bybit,BTRUSDT
Bybit,BUSDT
Bybit,C98USDT
Bybit,CAKEUSDT
Bybit,CAMPUSDT
Bybit,CARVUSDT
Bybit,CATIUSDT
Bybit,CCUSDT
Bybit,CELOUSDT
Bybit,CETUSUSDT
Bybit,CFXUSDT
Bybit,CGPTUSDT
Bybit,CHILLGUYUSDT
Bybit,CHRUSDT
Bybit,CHZUSDT
Bybit,CKBUSDT
Bybit,CLANKERUSDT
Bybit,CLOUDUSDT
Bybit,CLOUSDT
Bybit,COAIUSDT
Bybit,COMPUSDT
Bybit,COOKIEUSDT
Bybit,COOKUSDT
Bybit,COREUSDT
Bybit,COTIUSDT
Bybit,COWUSDT
Bybit,CROSSUSDT
Bybit,CROUSDT
Bybit,CRVUSDT
Bybit,CTCUSDT
Bybit,CTKUSDT
Bybit,CTSIUSDT
Bybit,CUDISUSDT
Bybit,CUSDT
Bybit,CVCUSDT
Bybit,CVXUSDT
Bybit,CYBERUSDT
Bybit,CYSUSDT
Bybit,DASHUSDT
Bybit,DBRUSDT
Bybit,DEEPUSDT
Bybit,DEGENUSDT
Bybit,DEXEUSDT
Bybit,DGBUSDT
Bybit,DIAUSDT
Bybit,DODOUSDT
Bybit,DOGEUSDT
Bybit,DOGUSDT
Bybit,DOLOUSDT
Bybit,DOODUSDT
Bybit,DOTUSDT
Bybit,DRIFTUSDT
Bybit,DUSKUSDT
Bybit,DYDXUSDT
Bybit,DYMUSDT
Bybit,EDENUSDT
Bybit,EDUUSDT
Bybit,EGLDUSDT
Bybit,EIGENUSDT
Bybit,ELSAUSDT
Bybit,ENAUSDT
Bybit,ENJUSDT
Bybit,ENSOUSDT
Bybit,ENSUSDT
Bybit,EPICUSDT
Bybit,ERAUSDT
Bybit,ESPORTSUSDT
Bybit,ESUSDT
Bybit,ETCUSDT
Bybit,ETHBTCUSDT
Bybit,ETHFIUSDT
Bybit,ETHUSDT
Bybit,EULUSDT
Bybit,EVAAUSDT
Bybit,FARTCOINUSDT
Bybit,FFUSDT
Bybit,FHEUSDT
Bybit,FIDAUSDT
Bybit,FIGHTUSDT
Bybit,FILUSDT
Bybit,FIOUSDT
Bybit,FLOCKUSDT
Bybit,FLOWUSDT
Bybit,FLRUSDT
Bybit,FLUIDUSDT
Bybit,FLUXUSDT
Bybit,FOGOUSDT
Bybit,FOLKSUSDT
Bybit,FORMUSDT
Bybit,FUSDT
Bybit,GALAUSDT
Bybit,GASUSDT
Bybit,GIGAUSDT
Bybit,GIGGLEUSDT
Bybit,GLMUSDT
Bybit,GMTUSDT
Bybit,GMXUSDT
Bybit,GNOUSDT
Bybit,GOATUSDT
Bybit,GODSUSDT
Bybit,GPSUSDT
Bybit,GRASSUSDT
Bybit,GRIFFAINUSDT
Bybit,GRTUSDT
Bybit,GUNUSDT
Bybit,HAEDALUSDT
Bybit,HANAUSDT
Bybit,HBARUSDT
Bybit,HEIUSDT
Bybit,HEMIUSDT
Bybit,HFTUSDT
Bybit,HIGHUSDT
Bybit,HIPPOUSDT
Bybit,HIVEUSDT
Bybit,HMSTRUSDT
Bybit,HNTUSDT
Bybit,HOLOUSDT
Bybit,HOMEUSDT
Bybit,HOOKUSDT
Bybit,HPOS10IUSDT
Bybit,HUMAUSDT
Bybit,HUSDT
Bybit,HYPERUSDT
Bybit,HYPEUSDT
Bybit,ICNTUSDT
Bybit,ICPUSDT
Bybit,ICXUSDT
Bybit,IDEXUSDT
Bybit,IDUSDT
Bybit,ILVUSDT
Bybit,IMXUSDT
Bybit,INITUSDT
Bybit,INJUSDT
Bybit,INUSDT
Bybit,INXUSDT
Bybit,IOSTUSDT
Bybit,IOTAUSDT
Bybit,IOTXUSDT
Bybit,IOUSDT
Bybit,IPUSDT
Bybit,IRYSUSDT
Bybit,JASMYUSDT
Bybit,JCTUSDT
Bybit,JELLYJELLYUSDT
Bybit,JSTUSDT
Bybit,JTOUSDT
Bybit,JUPUSDT
Bybit,KAIAUSDT
Bybit,KAITOUSDT
Bybit,KASUSDT
Bybit,KAVAUSDT
Bybit,KERNELUSDT
Bybit,KGENUSDT
Bybit,KITEUSDT
Bybit,KMNOUSDT
Bybit,KNCUSDT
Bybit,KSMUSDT
Bybit,L3USDT
Bybit,LABUSDT
Bybit,LAUSDT
Bybit,LDOUSDT
Bybit,LIGHTUSDT
Bybit,LINEAUSDT
Bybit,LINKUSDT
Bybit,LISTAUSDT
Bybit,LITUSDT
Bybit,LPTUSDT
Bybit,LQTYUSDT
Bybit,LRCUSDT
Bybit,LSKUSDT
Bybit,LTCUSDT
Bybit,LUMIAUSDT
Bybit,LUNA2USDT
Bybit,LYNUSDT
Bybit,MAGICUSDT
Bybit,MAGMAUSDT
Bybit,MANAUSDT
Bybit,MANTAUSDT
Bybit,MASKUSDT
Bybit,MAVIAUSDT
Bybit,MAVUSDT
Bybit,MBOXUSDT
Bybit,MELANIAUSDT
Bybit,MEMEUSDT
Bybit,MERLUSDT
Bybit,METISUSDT
Bybit,METUSDT
Bybit,MEUSDT
Bybit,MEWUSDT
Bybit,MINAUSDT
Bybit,MIRAUSDT
Bybit,MITOUSDT
Bybit,MLNUSDT
Bybit,MMTUSDT
Bybit,MNTUSDT
Bybit,MOCAUSDT
Bybit,MONUSDT
Bybit,MOODENGUSDT
Bybit,MORPHOUSDT
Bybit,MOVEUSDT
Bybit,MOVRUSDT
Bybit,MTLUSDT
Bybit,MUBARAKUSDT
Bybit,MUSDT
Bybit,MYXUSDT
Bybit,NAORISUSDT
Bybit,NEARUSDT
Bybit,NEOUSDT
Bybit,NEWTUSDT
Bybit,NFPUSDT
Bybit,NIGHTUSDT
Bybit,NILUSDT
Bybit,NMRUSDT
Bybit,NOMUSDT
Bybit,NOTUSDT
Bybit,NSUSDT
Bybit,NTRNUSDT
Bybit,NXPCUSDT
Bybit,OBTUSDT
Bybit,OGNUSDT
Bybit,OGUSDT
Bybit,OKBUSDT
Bybit,OLUSDT
Bybit,OMUSDT
Bybit,ONDOUSDT
Bybit,ONEUSDT
Bybit,ONGUSDT
Bybit,ONTUSDT
Bybit,OPENUSDT
Bybit,OPUSDT
Bybit,ORBSUSDT
Bybit,ORCAUSDT
Bybit,ORDERUSDT
Bybit,ORDIUSDT
Bybit,OXTUSDT
Bybit,PARTIUSDT
Bybit,PAXGUSDT
Bybit,PEAQUSDT
Bybit,PENDLEUSDT
Bybit,PENGUUSDT
Bybit,PEOPLEUSDT
Bybit,PHAUSDT
Bybit,PIEVERSEUSDT
Bybit,PIPPINUSDT
Bybit,PIXELUSDT
Bybit,PLAYSOUTUSDT
Bybit,PLUMEUSDT
Bybit,PNUTUSDT
Bybit,POLUSDT
Bybit,POLYXUSDT
Bybit,PONKEUSDT
Bybit,POPCATUSDT
Bybit,PORTALUSDT
Bybit,POWERUSDT
Bybit,POWRUSDT
Bybit,PROMPTUSDT
Bybit,PROMUSDT
Bybit,PROVEUSDT
Bybit,PTBUSDT
Bybit,PUFFERUSDT
Bybit,PUMPBTCUSDT
Bybit,PUMPFUNUSDT
Bybit,PUNDIXUSDT
Bybit,PYRUSDT
Bybit,PYTHUSDT
Bybit,QNTUSDT
Bybit,QTUMUSDT
Bybit,QUSDT
Bybit,RAREUSDT
Bybit,RAVEUSDT
Bybit,RAYDIUMUSDT
Bybit,RDNTUSDT
Bybit,RECALLUSDT
Bybit,REDUSDT
Bybit,RENDERUSDT
Bybit,REQUSDT
Bybit,RESOLVUSDT
Bybit,REZUSDT
Bybit,RIVERUSDT
Bybit,RLCUSDT
Bybit,RLSUSDT
Bybit,RLUSDUSDT
Bybit,ROAMUSDT
Bybit,RONINUSDT
Bybit,ROSEUSDT
Bybit,RPLUSDT
Bybit,RSRUSDT
Bybit,RUNEUSDT
Bybit,RVNUSDT
Bybit,SAFEUSDT
Bybit,SAGAUSDT
Bybit,SAHARAUSDT
Bybit,SANDUSDT
Bybit,SAPIENUSDT
Bybit,SAROSUSDT
Bybit,SCRTUSDT
Bybit,SCRUSDT
Bybit,SCUSDT
Bybit,SDUSDT
Bybit,SEIUSDT
Bybit,SENTUSDT
Bybit,SFPUSDT
Bybit,SHELLUSDT
Bybit,SHIB1000USDT
Bybit,SIGNUSDT
Bybit,SIRENUSDT
Bybit,SKLUSDT
Bybit,SKRUSDT
Bybit,SKYAIUSDT
Bybit,SKYUSDT
Bybit,SLPUSDT
Bybit,SNTUSDT
Bybit,SNXUSDT
Bybit,SOLAYERUSDT
Bybit,SOLUSDT
Bybit,SOLVUSDT
Bybit,SOMIUSDT
Bybit,SONICUSDT
Bybit,SOONUSDT
Bybit,SOPHUSDT
Bybit,SOSOUSDT
Bybit,SPACEUSDT
Bybit,SPELLUSDT
Bybit,SPKUSDT
Bybit,SPORTFUNUSDT
Bybit,SPXUSDT
Bybit,SQDUSDT
Bybit,SSVUSDT
Bybit,STABLEUSDT
Bybit,STBLUSDT
Bybit,STEEMUSDT
Bybit,STGUSDT
Bybit,STORJUSDT
Bybit,STOUSDT
Bybit,STRKUSDT
Bybit,STXUSDT
Bybit,SUIUSDT
Bybit,SUNUSDT
Bybit,SUPERUSDT
Bybit,SUSDT
Bybit,SUSHIUSDT
Bybit,SWARMSUSDT
Bybit,SXPUSDT
Bybit,SXTUSDT
Bybit,SYNUSDT
Bybit,SYRUPUSDT
Bybit,SYSUSDT
Bybit,TACUSDT
Bybit,TAIKOUSDT
Bybit,TAIUSDT
Bybit,TAOUSDT
Bybit,TAUSDT
Bybit,THETAUSDT
Bybit,THEUSDT
Bybit,TIAUSDT
Bybit,TLMUSDT
Bybit,TNSRUSDT
Bybit,TONUSDT
Bybit,TOWNSUSDT
Bybit,TRBUSDT
Bybit,TREEUSDT
Bybit,TRIAUSDT
Bybit,TRUMPUSDT
Bybit,TRUSTUSDT
Bybit,TRUTHUSDT
Bybit,TRUUSDT
Bybit,TRXUSDT
Bybit,TSTBSCUSDT
Bybit,TURTLEUSDT
Bybit,TUSDT
Bybit,TUTUSDT
Bybit,TWTUSDT
Bybit,UAIUSDT
Bybit,UBUSDT
Bybit,UMAUSDT
Bybit,UNIUSDT
Bybit,USD1USDT
Bybit,USDCUSDT
Bybit,USDEUSDT
Bybit,USELESSUSDT
Bybit,USTCUSDT
Bybit,USUALUSDT
Bybit,USUSDT
Bybit,VANAUSDT
Bybit,VANRYUSDT
Bybit,VELODROMEUSDT
Bybit,VELOUSDT
Bybit,VELVETUSDT
Bybit,VETUSDT
Bybit,VFYUSDT
Bybit,VINEUSDT
Bybit,VIRTUALUSDT
Bybit,VVVUSDT
Bybit,WALUSDT
Bybit,WAVESUSDT
Bybit,WAXPUSDT
Bybit,WCTUSDT
Bybit,WETUSDT
Bybit,WHITEWHALEUSDT
Bybit,WIFUSDT
Bybit,WLDUSDT
Bybit,WLFIUSDT
Bybit,WOOUSDT
Bybit,WUSDT
Bybit,XAIUSDT
Bybit,XANUSDT
Bybit,XAUTUSDT
Bybit,XCHUSDT
Bybit,XCNUSDT
Bybit,XDCUSDT
Bybit,XIONUSDT
Bybit,XLMUSDT
Bybit,XMRUSDT
Bybit,XNYUSDT
Bybit,XPINUSDT
Bybit,XPLUSDT
Bybit,XRPUSDT
Bybit,XTZUSDT
Bybit,XVGUSDT
Bybit,XVSUSDT
Bybit,YBUSDT
Bybit,YFIUSDT
Bybit,YGGUSDT
Bybit,YZYUSDT
Bybit,ZAMAUSDT
Bybit,ZBCNUSDT
Bybit,ZBTUSDT
Bybit,ZECUSDT
Bybit,ZENUSDT
Bybit,ZEREBROUSDT
Bybit,ZETAUSDT
Bybit,ZILUSDT
Bybit,ZKCUSDT
Bybit,ZKPUSDT
Bybit,ZKUSDT
Bybit,ZORAUSDT
Bybit,ZROUSDT
Bybit,ZRXUSDT
Mudrex,0GUSDT
Mudrex,1000000BABYDOGEUSDT
Mudrex,1000000CHEEMSUSDT
Mudrex,1000000MOGUSDT
Mudrex,10000QUBICUSDT
Mudrex,10000SATSUSDT
Mudrex,1000BONKUSDT
Mudrex,1000BTTUSDT
Mudrex,1000CATUSDT
Mudrex,1000FLOKIUSDT
Mudrex,1000LUNCUSDT
Mudrex,1000NEIROCTOUSDT
Mudrex,1000PEPEUSDT
Mudrex,1000RATSUSDT
Mudrex,1000TAGUSDT
Mudrex,1000TOSHIUSDT
Mudrex,1000TURBOUSDT
Mudrex,1000XECUSDT
Mudrex,1000XUSDT
Mudrex,1INCHUSDT
Mudrex,2ZUSDT
Mudrex,4USDT
Mudrex,A2ZUSDT
Mudrex,AAVEUSDT
Mudrex,ACEUSDT
Mudrex,ACHUSDT
Mudrex,ACTUSDT
Mudrex,ACUUSDT
Mudrex,ACXUSDT
Mudrex,ADAUSDT
Mudrex,AERGOUSDT
Mudrex,AEROUSDT
Mudrex,AEVOUSDT
Mudrex,AGIUSDT
Mudrex,AGLDUSDT
Mudrex,AINUSDT
Mudrex,AIOUSDT
Mudrex,AIOZUSDT
Mudrex,AIXBTUSDT
Mudrex,AKEUSDT
Mudrex,AKTUSDT
Mudrex,ALCHUSDT
Mudrex,ALGOUSDT
Mudrex,ALICEUSDT
Mudrex,ALLOUSDT
Mudrex,ALPINEUSDT
Mudrex,ALTUSDT
Mudrex,ALUUSDT
Mudrex,ANIMEUSDT
Mudrex,ANKRUSDT
Mudrex,APEUSDT
Mudrex,APEXUSDT
Mudrex,API3USDT
Mudrex,APRUSDT
Mudrex,APTUSDT
Mudrex,ARBUSDT
Mudrex,ARCUSDT
Mudrex,ARIAUSDT
Mudrex,ARKMUSDT
Mudrex,ARKUSDT
Mudrex,ARPAUSDT
Mudrex,ARUSDT
Mudrex,ASPUSDT
Mudrex,ASRUSDT
Mudrex,ASTERUSDT
Mudrex,ASTRUSDT
Mudrex,ATHUSDT
Mudrex,ATOMUSDT
Mudrex,ATUSDT
Mudrex,AUCTIONUSDT
Mudrex,AUSDT
Mudrex,AVAAIUSDT
Mudrex,AVAUSDT
Mudrex,AVAXUSDT
Mudrex,AVLUSDT
Mudrex,AVNTUSDT
Mudrex,AWEUSDT
Mudrex,AXLUSDT
Mudrex,AXSUSDT
Mudrex,B2USDT
Mudrex,B3USDT
Mudrex,BABYUSDT
Mudrex,BANANAS31USDT
Mudrex,BANANAUSDT
Mudrex,BANDUSDT
Mudrex,BANKUSDT
Mudrex,BANUSDT
Mudrex,BARDUSDT
Mudrex,BATUSDT
Mudrex,BBUSDT
Mudrex,BCHUSDT
Mudrex,BEAMUSDT
Mudrex,BEATUSDT
Mudrex,BELUSDT
Mudrex,BERAUSDT
Mudrex,BICOUSDT
Mudrex,BIGTIMEUSDT
Mudrex,BIOUSDT
Mudrex,BIRBUSDT
Mudrex,BLASTUSDT
Mudrex,BLESSUSDT
Mudrex,BLUAIUSDT
Mudrex,BLURUSDT
Mudrex,BMTUSDT
Mudrex,BNBUSDT
Mudrex,BNTUSDT
Mudrex,BOBAUSDT
Mudrex,BOBBOBUSDT
Mudrex,BOMEUSDT
Mudrex,BRETTUSDT
Mudrex,BREVUSDT
Mudrex,BROCCOLIUSDT
Mudrex,BRUSDT
Mudrex,BSUUSDT
Mudrex,BSVUSDT
Mudrex,BTCUSDT
Mudrex,BTRUSDT
Mudrex,BUSDT
Mudrex,C98USDT
Mudrex,CAKEUSDT
Mudrex,CAMPUSDT
Mudrex,CARVUSDT
Mudrex,CATIUSDT
Mudrex,CCUSDT
Mudrex,CELOUSDT
Mudrex,CETUSUSDT
Mudrex,CFXUSDT
Mudrex,CGPTUSDT
Mudrex,CHILLGUYUSDT
Mudrex,CHRUSDT
Mudrex,CHZUSDT
Mudrex,CKBUSDT
Mudrex,CLANKERUSDT
Mudrex,CLOUDUSDT
Mudrex,CLOUSDT
Mudrex,COAIUSDT
Mudrex,COMPUSDT
Mudrex,COOKIEUSDT
Mudrex,COOKUSDT
Mudrex,COREUSDT
Mudrex,COTIUSDT
Mudrex,COWUSDT
Mudrex,CROSSUSDT
Mudrex,CROUSDT
Mudrex,CRVUSDT
Mudrex,CTCUSDT
Mudrex,CTKUSDT
Mudrex,CTSIUSDT
Mudrex,CUDISUSDT
Mudrex,CUSDT
Mudrex,CVCUSDT
Mudrex,CVXUSDT
Mudrex,CYBERUSDT
Mudrex,CYSUSDT
Mudrex,DASHUSDT
Mudrex,DBRUSDT
Mudrex,DEEPUSDT
Mudrex,DEGENUSDT
Mudrex,DEXEUSDT
Mudrex,DGBUSDT
Mudrex,DIAUSDT
Mudrex,DODOUSDT
Mudrex,DOGEUSDT
Mudrex,DOGUSDT
Mudrex,DOLOUSDT
Mudrex,DOODUSDT
Mudrex,DOTUSDT
Mudrex,DRIFTUSDT
Mudrex,DUSKUSDT
Mudrex,DYDXUSDT
Mudrex,DYMUSDT
Mudrex,EDENUSDT
Mudrex,EDUUSDT
Mudrex,EGLDUSDT
Mudrex,EIGENUSDT
Mudrex,ELSAUSDT
Mudrex,ENAUSDT
Mudrex,ENJUSDT
Mudrex,ENSOUSDT
Mudrex,ENSUSDT
Mudrex,EPICUSDT
Mudrex,ERAUSDT
Mudrex,ESPORTSUSDT
Mudrex,ESUSDT
Mudrex,ETCUSDT
Mudrex,ETHBTCUSDT
Mudrex,ETHFIUSDT
Mudrex,ETHUSDT
Mudrex,EULUSDT
Mudrex,EVAAUSDT
Mudrex,FARTCOINUSDT
Mudrex,FFUSDT
Mudrex,FHEUSDT
Mudrex,FIDAUSDT
Mudrex,FIGHTUSDT
Mudrex,FILUSDT
Mudrex,FIOUSDT
Mudrex,FLOCKUSDT
Mudrex,FLOWUSDT
Mudrex,FLRUSDT
Mudrex,FLUIDUSDT
Mudrex,FLUXUSDT
Mudrex,FOGOUSDT
Mudrex,FOLKSUSDT
Mudrex,FORMUSDT
Mudrex,FUSDT
Mudrex,GALAUSDT
Mudrex,GASUSDT
Mudrex,GIGAUSDT
Mudrex,GIGGLEUSDT
Mudrex,GLMUSDT
Mudrex,GMTUSDT
Mudrex,GMXUSDT
Mudrex,GNOUSDT
Mudrex,GOATUSDT
Mudrex,GODSUSDT
Mudrex,GPSUSDT
Mudrex,GRASSUSDT
Mudrex,GRIFFAINUSDT
Mudrex,GRTUSDT
Mudrex,GUNUSDT
Mudrex,HAEDALUSDT
Mudrex,HANAUSDT
Mudrex,HBARUSDT
Mudrex,HEIUSDT
Mudrex,HEMIUSDT
Mudrex,HFTUSDT
Mudrex,HIGHUSDT
Mudrex,HIPPOUSDT
Mudrex,HIVEUSDT
Mudrex,HMSTRUSDT
Mudrex,HNTUSDT
Mudrex,HOLOUSDT
Mudrex,HOMEUSDT
Mudrex,HOOKUSDT
Mudrex,HPOS10IUSDT
Mudrex,HUMAUSDT
Mudrex,HUSDT
Mudrex,HYPERUSDT
Mudrex,HYPEUSDT
Mudrex,ICNTUSDT
Mudrex,ICPUSDT
Mudrex,ICXUSDT
Mudrex,IDEXUSDT
Mudrex,IDUSDT
Mudrex,ILVUSDT
Mudrex,IMXUSDT
Mudrex,INITUSDT
Mudrex,INJUSDT
Mudrex,INUSDT
Mudrex,INXUSDT
Mudrex,IOSTUSDT
Mudrex,IOTAUSDT
Mudrex,IOTXUSDT
Mudrex,IOUSDT
Mudrex,IPUSDT
Mudrex,IRYSUSDT
Mudrex,JASMYUSDT
Mudrex,JCTUSDT
Mudrex,JELLYJELLYUSDT
Mudrex,JSTUSDT
Mudrex,JTOUSDT
Mudrex,JUPUSDT
Mudrex,KAIAUSDT
Mudrex,KAITOUSDT
Mudrex,KASUSDT
Mudrex,KAVAUSDT
Mudrex,KERNELUSDT
Mudrex,KGENUSDT
Mudrex,KITEUSDT
Mudrex,KMNOUSDT
Mudrex,KNCUSDT
Mudrex,KSMUSDT
Mudrex,L3USDT
Mudrex,LABUSDT
Mudrex,LAUSDT
Mudrex,LDOUSDT
Mudrex,LIGHTUSDT
Mudrex,LINKUSDT
Mudrex,LISTAUSDT
Mudrex,LPTUSDT
Mudrex,LQTYUSDT
Mudrex,LRCUSDT
Mudrex,LSKUSDT
Mudrex,LTCUSDT
Mudrex,LUMIAUSDT
Mudrex,LUNA2USDT
Mudrex,MAGICUSDT
Mudrex,MAGMAUSDT
Mudrex,MANAUSDT
Mudrex,MANTAUSDT
Mudrex,MASKUSDT
Mudrex,MAVIAUSDT
Mudrex,MAVUSDT
Mudrex,MBOXUSDT
Mudrex,MELANIAUSDT
Mudrex,MEMEUSDT
Mudrex,MERLUSDT
Mudrex,METISUSDT
Mudrex,METUSDT
Mudrex,MEUSDT
Mudrex,MEWUSDT
Mudrex,MINAUSDT
Mudrex,MIRAUSDT
Mudrex,MITOUSDT
Mudrex,MLNUSDT
Mudrex,MMTUSDT
Mudrex,MNTUSDT
Mudrex,MOCAUSDT
Mudrex,MOODENGUSDT
Mudrex,MORPHOUSDT
Mudrex,MOVEUSDT
Mudrex,MOVRUSDT
Mudrex,MTLUSDT
Mudrex,MUBARAKUSDT
Mudrex,MUSDT
Mudrex,MYXUSDT
Mudrex,NAORISUSDT
Mudrex,NEARUSDT
Mudrex,NEOUSDT
Mudrex,NEWTUSDT
Mudrex,NFPUSDT
Mudrex,NIGHTUSDT
Mudrex,NILUSDT
Mudrex,NMRUSDT
Mudrex,NOMUSDT
Mudrex,NOTUSDT
Mudrex,NSUSDT
Mudrex,NTRNUSDT
Mudrex,NXPCUSDT
Mudrex,OBTUSDT
Mudrex,OGNUSDT
Mudrex,OGUSDT
Mudrex,OKBUSDT
Mudrex,OLUSDT
Mudrex,OMUSDT
Mudrex,ONDOUSDT
Mudrex,ONEUSDT
Mudrex,ONGUSDT
Mudrex,ONTUSDT
Mudrex,OPENUSDT
Mudrex,OPUSDT
Mudrex,ORBSUSDT
Mudrex,ORCAUSDT
Mudrex,ORDERUSDT
Mudrex,ORDIUSDT
Mudrex,OXTUSDT
Mudrex,PARTIUSDT
Mudrex,PAXGUSDT
Mudrex,PEAQUSDT
Mudrex,PENDLEUSDT
Mudrex,PENGUUSDT
Mudrex,PEOPLEUSDT
Mudrex,PHAUSDT
Mudrex,PIEVERSEUSDT
Mudrex,PIPPINUSDT
Mudrex,PIXELUSDT
Mudrex,PLAYSOUTUSDT
Mudrex,PLUMEUSDT
Mudrex,PNUTUSDT
Mudrex,POLUSDT
Mudrex,POLYXUSDT
Mudrex,PONKEUSDT
Mudrex,POPCATUSDT
Mudrex,PORTALUSDT
Mudrex,POWERUSDT
Mudrex,POWRUSDT
Mudrex,PROMPTUSDT
Mudrex,PROMUSDT
Mudrex,PROVEUSDT
Mudrex,PTBUSDT
Mudrex,PUFFERUSDT
Mudrex,PUMPBTCUSDT
Mudrex,PUMPFUNUSDT
Mudrex,PUNDIXUSDT
Mudrex,PYRUSDT
Mudrex,PYTHUSDT
Mudrex,QNTUSDT
Mudrex,QTUMUSDT
Mudrex,QUSDT
Mudrex,RAREUSDT
Mudrex,RAVEUSDT
Mudrex,RAYDIUMUSDT
Mudrex,RDNTUSDT
Mudrex,RECALLUSDT
Mudrex,REDUSDT
Mudrex,RENDERUSDT
Mudrex,REQUSDT
Mudrex,RESOLVUSDT
Mudrex,REZUSDT
Mudrex,RIVERUSDT
Mudrex,RLCUSDT
Mudrex,RLSUSDT
Mudrex,RLUSDUSDT
Mudrex,ROAMUSDT
Mudrex,RONINUSDT
Mudrex,ROSEUSDT
Mudrex,RPLUSDT
Mudrex,RSRUSDT
Mudrex,RUNEUSDT
Mudrex,RVNUSDT
Mudrex,SAFEUSDT
Mudrex,SAGAUSDT
Mudrex,SAHARAUSDT
Mudrex,SANDUSDT
Mudrex,SAPIENUSDT
Mudrex,SAROSUSDT
Mudrex,SCRTUSDT
Mudrex,SCRUSDT
Mudrex,SCUSDT
Mudrex,SDUSDT
Mudrex,SEIUSDT
Mudrex,SENTUSDT
Mudrex,SFPUSDT
Mudrex,SHELLUSDT
Mudrex,SHIB1000USDT
Mudrex,SIGNUSDT
Mudrex,SIRENUSDT
Mudrex,SKLUSDT
Mudrex,SKRUSDT
Mudrex,SKYAIUSDT
Mudrex,SKYUSDT
Mudrex,SLPUSDT
Mudrex,SNTUSDT
Mudrex,SNXUSDT
Mudrex,SOLAYERUSDT
Mudrex,SOLUSDT
Mudrex,SOLVUSDT
Mudrex,SOMIUSDT
Mudrex,SONICUSDT
Mudrex,SOONUSDT
Mudrex,SOPHUSDT
Mudrex,SOSOUSDT
Mudrex,SPACEUSDT
Mudrex,SPELLUSDT
Mudrex,SPKUSDT
Mudrex,SPORTFUNUSDT
Mudrex,SPXUSDT
Mudrex,SQDUSDT
Mudrex,SSVUSDT
Mudrex,STABLEUSDT
Mudrex,STBLUSDT
Mudrex,STEEMUSDT
Mudrex,STGUSDT
Mudrex,STORJUSDT
Mudrex,STOUSDT
Mudrex,STRKUSDT
Mudrex,STXUSDT
Mudrex,SUIUSDT
Mudrex,SUNUSDT
Mudrex,SUPERUSDT
Mudrex,SUSDT
Mudrex,SUSHIUSDT
Mudrex,SWARMSUSDT
Mudrex,SXPUSDT
Mudrex,SXTUSDT
Mudrex,SYNUSDT
Mudrex,SYRUPUSDT
Mudrex,SYSUSDT
Mudrex,TACUSDT
Mudrex,TAIKOUSDT
Mudrex,TAIUSDT
Mudrex,TAOUSDT
Mudrex,TAUSDT
Mudrex,THETAUSDT
Mudrex,THEUSDT
Mudrex,TIAUSDT
Mudrex,TLMUSDT
Mudrex,TNSRUSDT
Mudrex,TONUSDT
Mudrex,TOWNSUSDT
Mudrex,TRBUSDT
Mudrex,TREEUSDT
Mudrex,TRUMPUSDT
Mudrex,TRUSTUSDT
Mudrex,TRUTHUSDT
Mudrex,TRUUSDT
Mudrex,TRXUSDT
Mudrex,TSTBSCUSDT
Mudrex,TURTLEUSDT
Mudrex,TUSDT
Mudrex,TUTUSDT
Mudrex,TWTUSDT
Mudrex,UAIUSDT
Mudrex,UBUSDT
Mudrex,UMAUSDT
Mudrex,UNIUSDT
Mudrex,USDCUSDT
Mudrex,USDEUSDT
Mudrex,USELESSUSDT
Mudrex,USTCUSDT
Mudrex,USUALUSDT
Mudrex,USUSDT
Mudrex,VANAUSDT
Mudrex,VANRYUSDT
Mudrex,VELODROMEUSDT
Mudrex,VELOUSDT
Mudrex,VELVETUSDT
Mudrex,VETUSDT
Mudrex,VFYUSDT
Mudrex,VINEUSDT
Mudrex,VIRTUALUSDT
Mudrex,VVVUSDT
Mudrex,WALUSDT
Mudrex,WAVESUSDT
Mudrex,WAXPUSDT
Mudrex,WCTUSDT
Mudrex,WETUSDT
Mudrex,WIFUSDT
Mudrex,WLDUSDT
Mudrex,WLFIUSDT
Mudrex,WOOUSDT
Mudrex,WUSDT
Mudrex,XAIUSDT
Mudrex,XANUSDT
Mudrex,XAUTUSDT
Mudrex,XCHUSDT
Mudrex,XCNUSDT
Mudrex,XDCUSDT
Mudrex,XIONUSDT
Mudrex,XLMUSDT
Mudrex,XMRUSDT
Mudrex,XNYUSDT
Mudrex,XPINUSDT
Mudrex,XPLUSDT
Mudrex,XRPUSDT
Mudrex,XTZUSDT
Mudrex,XVGUSDT
Mudrex,XVSUSDT
Mudrex,YBUSDT
Mudrex,YFIUSDT
Mudrex,YGGUSDT
Mudrex,YZYUSDT
Mudrex,ZAMAUSDT
Mudrex,ZBCNUSDT
Mudrex,ZBTUSDT
Mudrex,ZECUSDT
Mudrex,ZENUSDT
Mudrex,ZEREBROUSDT
Mudrex,ZETAUSDT
Mudrex,ZILUSDT
Mudrex,ZKCUSDT
Mudrex,ZKPUSDT
Mudrex,ZKUSDT
Mudrex,ZORAUSDT
Mudrex,ZROUSDT
Mudrex,ZRXUSDT
